omp_thrd,Gauge_group,MPI_size,GLB_T,GLB_X,GLB_Y,GLB_Z,LOC_T,LOC_X,LOC_Y,LOC_Z,algb_kernel,geom_type,RLXD,SITE_FLOP,SITE_BYTE,Dirc_Data_Mov,Dphi-Reps,Dphi_KB,Dphi_msec,Dphi_GFLOPS,Dphi_BAND,Fused_Reps,Fused_KB,Fused_msec,Fused_GFLOPS,Fused_BAND,Job_Output
13,3,2,8,8,8,8,4,8,8,8,MACRO,OLD,12345,1320,3072,6291456,15905,6144.000000,2065.110107,20.8207,48.4553,17669,6144.000000,2196.637939,21.7449,50.6063,job.na.out
14,3,2,8,8,8,8,4,8,8,8,MACRO,OLD,12345,1320,3072,6291456,16229,6144.000000,2093.724121,20.9544,48.7667,18139,6144.000000,2195.945068,22.3304,51.9688,job.na.out
15,3,2,8,8,8,8,4,8,8,8,MACRO,OLD,12345,1320,3072,6291456,16476,6144.000000,2047.046021,21.7585,50.6379,18782,6144.000000,2196.375000,23.1174,53.8005,job.na.out
16,3,2,8,8,8,8,4,8,8,8,MACRO,OLD,12345,1320,3072,6291456,16851,6144.000000,2046.053955,22.2645,51.8155,19371,6144.000000,2196.126953,23.8451,55.494,job.na.out
13,3,2,10,8,8,8,5,8,8,8,MACRO,OLD,12345,1320,3072,7864320,14545,7680.000000,2075.112061,23.6857,55.1231,16284,7680.000000,2196.352051,25.0538,58.3069,job.na.out
14,3,2,10,8,8,8,5,8,8,8,MACRO,OLD,12345,1320,3072,7864320,14908,7680.000000,2053.185059,24.5361,57.1022,16819,7680.000000,2197.177979,25.8672,60.1999,job.na.out
15,3,2,10,8,8,8,5,8,8,8,MACRO,OLD,12345,1320,3072,7864320,15357,7680.000000,2087.888916,24.8549,57.8442,17174,7680.000000,2197.437988,26.41,61.4633,job.na.out
16,3,2,10,8,8,8,5,8,8,8,MACRO,OLD,12345,1320,3072,7864320,15662,7680.000000,2069.995117,25.5677,59.503,17620,7680.000000,2197.773926,27.0917,63.0499,job.na.out
13,3,2,12,8,8,8,6,8,8,8,MACRO,OLD,12345,1320,3072,9437184,13067,9216.000000,2036.385010,26.0202,60.5562,14971,9216.000000,2198.351074,27.6152,64.2682,job.na.out
14,3,2,12,8,8,8,6,8,8,8,MACRO,OLD,12345,1320,3072,9437184,13749,9216.000000,2072.283936,26.904,62.613,15442,9216.000000,2197.138916,28.4998,66.3267,job.na.out
15,3,2,12,8,8,8,6,8,8,8,MACRO,OLD,12345,1320,3072,9437184,14386,9216.000000,2085.563965,27.9712,65.0967,15914,9216.000000,2196.227051,29.3831,68.3824,job.na.out
16,3,2,12,8,8,8,6,8,8,8,MACRO,OLD,12345,1320,3072,9437184,14539,9216.000000,2062.820068,28.5804,66.5144,16407,9216.000000,2201.024902,30.2273,70.3472,job.na.out
13,3,2,14,8,8,8,7,8,8,8,MACRO,OLD,12345,1320,3072,11010048,12796,10752.000000,2116.416016,28.6032,66.5675,12796,10752.000000,2022.526001,29.9311,69.6577,job.na.out
14,3,2,14,8,8,8,7,8,8,8,MACRO,OLD,12345,1320,3072,11010048,12848,10752.000000,2104.813965,28.8778,67.2065,14331,10752.000000,2194.354980,30.8967,71.905,job.na.out
15,3,2,14,8,8,8,7,8,8,8,MACRO,OLD,12345,1320,3072,11010048,13358,10752.000000,2091.027100,30.222,70.3349,14911,10752.000000,2198.114990,32.0921,74.6871,job.na.out
16,3,2,14,8,8,8,7,8,8,8,MACRO,OLD,12345,1320,3072,11010048,14386,10752.000000,2180.229004,31.2162,72.6486,14386,10752.000000,2068.860107,32.8966,76.5593,job.na.out
13,3,2,16,8,8,8,8,8,8,8,MACRO,OLD,12345,1320,3072,12582912,11578,12288.000000,2086.606934,30.0004,69.8191,12973,12288.000000,2194.722900,31.9591,74.3776,job.na.out
14,3,2,16,8,8,8,8,8,8,8,MACRO,OLD,12345,1320,3072,12582912,12833,12288.000000,2198.965088,31.5532,73.433,12833,12288.000000,2092.127930,33.1645,77.1829,job.na.out
15,3,2,16,8,8,8,8,8,8,8,MACRO,OLD,12345,1320,3072,12582912,13187,12288.000000,2192.705078,32.5162,75.674,13187,12288.000000,2081.556885,34.2524,79.7148,job.na.out
16,3,2,16,8,8,8,8,8,8,8,MACRO,OLD,12345,1320,3072,12582912,13701,12288.000000,2198.614014,33.6928,78.4123,13701,12288.000000,2090.974121,35.4273,82.4489,job.na.out
13,3,2,18,8,8,8,9,8,8,8,MACRO,OLD,12345,1320,3072,14155776,11111,13824.000000,2085.937988,32.3995,75.4024,11111,13824.000000,2002.977051,33.7414,78.5255,job.na.out
14,3,2,18,8,8,8,9,8,8,8,MACRO,OLD,12345,1320,3072,14155776,11311,13824.000000,2043.251953,33.6717,78.3633,12686,13824.000000,2197.656006,35.1117,81.7144,job.na.out
15,3,2,18,8,8,8,9,8,8,8,MACRO,OLD,12345,1320,3072,14155776,12485,13824.000000,2190.820068,34.6632,80.6706,12485,13824.000000,2086.261963,36.4004,84.7136,job.na.out
16,3,2,18,8,8,8,9,8,8,8,MACRO,OLD,12345,1320,3072,14155776,11733,13824.000000,2004.828979,35.5974,82.8448,13551,13824.000000,2198.687988,37.4882,87.2452,job.na.out
13,3,2,20,8,8,8,10,8,8,8,MACRO,OLD,12345,1320,3072,15728640,10323,15360.000000,2067.253906,33.7486,78.5422,11505,15360.000000,2198.943115,35.3603,82.2932,job.na.out
14,3,2,20,8,8,8,10,8,8,8,MACRO,OLD,12345,1320,3072,15728640,10536,15360.000000,2025.140015,35.1613,81.8299,11943,15360.000000,2196.141113,36.7534,85.5351,job.na.out
15,3,2,20,8,8,8,10,8,8,8,MACRO,OLD,12345,1320,3072,15728640,11104,15360.000000,2062.437012,36.3867,84.6818,12376,15360.000000,2190.648926,38.1814,88.8584,job.na.out
16,3,2,20,8,8,8,10,8,8,8,MACRO,OLD,12345,1320,3072,15728640,12393,15360.000000,2198.334961,38.1001,88.6694,12393,15360.000000,2113.196045,39.6352,92.2418,job.na.out
13,3,2,22,8,8,8,11,8,8,8,MACRO,OLD,12345,1320,3072,17301504,9850,16896.000000,2076.284912,35.2684,82.0792,10878,16896.000000,2196.649902,36.815,85.6785,job.na.out
14,3,2,22,8,8,8,11,8,8,8,MACRO,OLD,12345,1320,3072,17301504,10897,16896.000000,2199.972900,36.8236,85.6986,10897,16896.000000,2116.018066,38.2846,89.0987,job.na.out
15,3,2,22,8,8,8,11,8,8,8,MACRO,OLD,12345,1320,3072,17301504,11299,16896.000000,2198.271973,38.2116,88.9288,11299,16896.000000,2105.554932,39.8942,92.8447,job.na.out
16,3,2,22,8,8,8,11,8,8,8,MACRO,OLD,12345,1320,3072,17301504,10760,16896.000000,2030.975952,39.3862,91.6624,12211,16896.000000,2197.894043,41.3029,96.1232,job.na.out
13,3,2,24,8,8,8,12,8,8,8,MACRO,OLD,12345,1320,3072,18874368,9452,18432.000000,2088.257080,36.7084,85.4303,9452,18432.000000,2015.673950,38.0302,88.5066,job.na.out
14,3,2,24,8,8,8,12,8,8,8,MACRO,OLD,12345,1320,3072,18874368,9954,18432.000000,2110.599121,38.2487,89.0152,9954,18432.000000,2033.629028,39.6964,92.3843,job.na.out
15,3,2,24,8,8,8,12,8,8,8,MACRO,OLD,12345,1320,3072,18874368,9815,18432.000000,2024.281006,39.3228,91.5149,11216,18432.000000,2193.445068,41.4702,96.5125,job.na.out
16,3,2,24,8,8,8,12,8,8,8,MACRO,OLD,12345,1320,3072,18874368,11142,18432.000000,2196.696045,41.1356,95.7339,11142,18432.000000,2102.922119,42.97,100.003,job.na.out
13,3,2,26,8,8,8,13,8,8,8,MACRO,OLD,12345,1320,3072,20447232,9391,19968.000000,2181.083008,37.8292,88.0388,9391,19968.000000,2123.684082,38.8516,90.4183,job.na.out
14,3,2,26,8,8,8,13,8,8,8,MACRO,OLD,12345,1320,3072,20447232,9894,19968.000000,2200.436035,39.5048,91.9386,9894,19968.000000,2127.309082,40.8628,95.099,job.na.out
15,3,2,26,8,8,8,13,8,8,8,MACRO,OLD,12345,1320,3072,20447232,10292,19968.000000,2198.448975,41.1311,95.7234,10292,19968.000000,2113.310059,42.7882,99.5798,job.na.out
16,3,2,26,8,8,8,13,8,8,8,MACRO,OLD,12345,1320,3072,20447232,10660,19968.000000,2198.581055,42.5993,99.1401,10660,19968.000000,2111.575928,44.3545,103.225,job.na.out
13,3,2,28,8,8,8,14,8,8,8,MACRO,OLD,12345,1320,3072,22020096,8598,21504.000000,2089.849121,38.9273,90.5945,8598,21504.000000,2024.269043,40.1884,93.5295,job.na.out
14,3,2,28,8,8,8,14,8,8,8,MACRO,OLD,12345,1320,3072,22020096,8932,21504.000000,2080.819092,40.615,94.5222,8932,21504.000000,2008.166016,42.0844,97.9419,job.na.out
15,3,2,28,8,8,8,14,8,8,8,MACRO,OLD,12345,1320,3072,22020096,9205,21504.000000,2074.023926,41.9935,97.7303,10201,21504.000000,2195.287109,43.9666,102.322,job.na.out
16,3,2,28,8,8,8,14,8,8,8,MACRO,OLD,12345,1320,3072,22020096,9310,21504.000000,2003.139038,43.9755,102.343,10607,21504.000000,2195.322021,45.7158,106.393,job.na.out
13,3,2,30,8,8,8,15,8,8,8,MACRO,OLD,12345,1320,3072,23592960,8239,23040.000000,2087.447998,40.0123,93.1196,8239,23040.000000,2036.972046,41.0038,95.4271,job.na.out
14,3,2,30,8,8,8,15,8,8,8,MACRO,OLD,12345,1320,3072,23592960,8244,23040.000000,2007.732056,41.6263,96.8757,9356,23040.000000,2198.106934,43.1496,100.421,job.na.out
15,3,2,30,8,8,8,15,8,8,8,MACRO,OLD,12345,1320,3072,23592960,9440,23040.000000,2198.488037,43.5294,101.305,9440,23040.000000,2128.989014,44.9504,104.612,job.na.out
16,3,2,30,8,8,8,15,8,8,8,MACRO,OLD,12345,1320,3072,23592960,9810,23040.000000,2197.547119,45.2549,105.321,9810,23040.000000,2120.906006,46.8903,109.126,job.na.out
13,3,2,32,8,8,8,16,8,8,8,MACRO,OLD,12345,1320,3072,25165824,8290,24576.000000,2194.533936,40.8485,95.0656,8290,24576.000000,2140.074951,41.888,97.4848,job.na.out
14,3,2,32,8,8,8,16,8,8,8,MACRO,OLD,12345,1320,3072,25165824,8014,24576.000000,2022.756958,42.842,99.705,8940,24576.000000,2194.819092,44.0456,102.506,job.na.out
15,3,2,32,8,8,8,16,8,8,8,MACRO,OLD,12345,1320,3072,25165824,8505,24576.000000,2065.024902,44.5362,103.648,9396,24576.000000,2197.268066,46.2406,107.615,job.na.out
16,3,2,32,8,8,8,16,8,8,8,MACRO,OLD,12345,1320,3072,25165824,9340,24576.000000,2180.768066,46.3128,107.783,9340,24576.000000,2105.541992,47.9675,111.633,job.na.out
13,3,2,34,8,8,8,17,8,8,8,MACRO,OLD,12345,1320,3072,26738688,7538,26112.000000,2084.318115,41.5513,96.7013,7538,26112.000000,2024.996948,42.7686,99.5341,job.na.out
14,3,2,34,8,8,8,17,8,8,8,MACRO,OLD,12345,1320,3072,26738688,7937,26112.000000,2091.384033,43.6029,101.476,7937,26112.000000,2030.803955,44.9036,104.503,job.na.out
15,3,2,34,8,8,8,17,8,8,8,MACRO,OLD,12345,1320,3072,26738688,8098,26112.000000,2034.459961,45.7321,106.431,8975,26112.000000,2193.696045,47.0057,109.395,job.na.out
16,3,2,34,8,8,8,17,8,8,8,MACRO,OLD,12345,1320,3072,26738688,8229,26112.000000,2000.406006,47.263,109.994,9385,26112.000000,2195.187988,49.1197,114.315,job.na.out
13,3,2,36,8,8,8,18,8,8,8,MACRO,OLD,12345,1320,3072,28311552,7272,27648.000000,2086.959961,42.3893,98.6514,7272,27648.000000,2074.980957,42.634,99.221,job.na.out
14,3,2,36,8,8,8,18,8,8,8,MACRO,OLD,12345,1320,3072,28311552,7449,27648.000000,2044.005005,44.3335,103.176,8272,27648.000000,2195.218018,45.8405,106.683,job.na.out
15,3,2,36,8,8,8,18,8,8,8,MACRO,OLD,12345,1320,3072,28311552,8396,27648.000000,2199.958008,46.4274,108.049,8396,27648.000000,2136.580078,47.8046,111.254,job.na.out
16,3,2,36,8,8,8,18,8,8,8,MACRO,OLD,12345,1320,3072,28311552,8774,27648.000000,2197.520020,48.5715,113.039,8774,27648.000000,2137.466064,49.9361,116.215,job.na.out
13,3,2,38,8,8,8,19,8,8,8,MACRO,OLD,12345,1320,3072,29884416,7047,29184.000000,2100.612061,43.078,100.254,7047,29184.000000,2056.167969,44.0092,102.421,job.na.out
14,3,2,38,8,8,8,19,8,8,8,MACRO,OLD,12345,1320,3072,29884416,7294,29184.000000,2077.791992,45.0776,104.908,7294,29184.000000,2016.390015,46.4503,108.103,job.na.out
15,3,2,38,8,8,8,19,8,8,8,MACRO,OLD,12345,1320,3072,29884416,7508,29184.000000,2045.546021,47.1316,109.688,8327,29184.000000,2195.386963,48.7052,113.35,job.na.out
16,3,2,38,8,8,8,19,8,8,8,MACRO,OLD,12345,1320,3072,29884416,7713,29184.000000,2007.828003,49.3281,114.8,8699,29184.000000,2195.706055,50.8736,118.397,job.na.out
13,3,2,40,8,8,8,20,8,8,8,MACRO,OLD,12345,1320,3072,31457280,6740,30720.000000,2082.993896,43.7367,101.787,6740,30720.000000,2036.416992,44.737,104.115,job.na.out
14,3,2,40,8,8,8,20,8,8,8,MACRO,OLD,12345,1320,3072,31457280,6845,30720.000000,2013.900024,45.942,106.919,7683,30720.000000,2198.156006,47.244,109.95,job.na.out
15,3,2,40,8,8,8,20,8,8,8,MACRO,OLD,12345,1320,3072,31457280,7115,30720.000000,2005.350952,47.9577,111.611,8043,30720.000000,2195.566895,49.516,115.237,job.na.out
16,3,2,40,8,8,8,20,8,8,8,MACRO,OLD,12345,1320,3072,31457280,8150,30720.000000,2199.743896,50.0794,116.548,8150,30720.000000,2142.977051,51.406,119.636,job.na.out
13,3,2,42,8,8,8,21,8,8,8,MACRO,OLD,12345,1320,3072,33030144,6873,32256.000000,2197.327881,44.393,103.315,6873,32256.000000,2152.745117,45.3124,105.454,job.na.out
14,3,2,42,8,8,8,21,8,8,8,MACRO,OLD,12345,1320,3072,33030144,6811,32256.000000,2077.264893,46.5353,108.3,6811,32256.000000,2030.275024,47.6123,110.807,job.na.out
15,3,2,42,8,8,8,21,8,8,8,MACRO,OLD,12345,1320,3072,33030144,7006,32256.000000,2036.171997,48.8336,113.649,7743,32256.000000,2192.447021,50.1237,116.652,job.na.out
16,3,2,42,8,8,8,21,8,8,8,MACRO,OLD,12345,1320,3072,33030144,7222,32256.000000,2004.970947,51.1226,118.976,8144,32256.000000,2195.272949,52.6517,122.535,job.na.out
13,3,2,44,8,8,8,22,8,8,8,MACRO,OLD,12345,1320,3072,34603008,6218,33792.000000,2060.916016,44.8598,104.401,6218,33792.000000,2018.284058,45.8073,106.606,job.na.out
14,3,2,44,8,8,8,22,8,8,8,MACRO,OLD,12345,1320,3072,34603008,6986,33792.000000,2198.402100,47.2485,109.96,6986,33792.000000,2186.261963,47.5109,110.571,job.na.out
15,3,2,44,8,8,8,22,8,8,8,MACRO,OLD,12345,1320,3072,34603008,6944,33792.000000,2089.959961,49.4013,114.97,6944,33792.000000,2035.362061,50.7265,118.054,job.na.out
16,3,2,44,8,8,8,22,8,8,8,MACRO,OLD,12345,1320,3072,34603008,7656,33792.000000,2199.254883,51.7598,120.459,7656,33792.000000,2137.357910,53.2588,123.948,job.na.out
13,3,2,46,8,8,8,23,8,8,8,MACRO,OLD,12345,1320,3072,36175872,6427,35328.000000,2199.675049,45.4173,105.698,6427,35328.000000,2184.166992,45.7398,106.449,job.na.out
14,3,2,46,8,8,8,23,8,8,8,MACRO,OLD,12345,1320,3072,36175872,6367,35328.000000,2060.096924,48.0418,111.806,6367,35328.000000,2019.421997,49.0094,114.058,job.na.out
15,3,2,46,8,8,8,23,8,8,8,MACRO,OLD,12345,1320,3072,36175872,6606,35328.000000,2047.610962,50.1491,116.711,7274,35328.000000,2195.523926,51.5,119.854,job.na.out
16,3,2,46,8,8,8,23,8,8,8,MACRO,OLD,12345,1320,3072,36175872,7416,35328.000000,2199.326904,52.4145,121.983,7416,35328.000000,2142.725098,53.7991,125.205,job.na.out
13,3,2,48,8,8,8,24,8,8,8,MACRO,OLD,12345,1320,3072,37748736,5808,36864.000000,2054.770996,45.8478,106.7,5808,36864.000000,2019.303955,46.6531,108.574,job.na.out
14,3,2,48,8,8,8,24,8,8,8,MACRO,OLD,12345,1320,3072,37748736,6149,36864.000000,2066.754883,48.2581,112.31,6149,36864.000000,2024.843018,49.257,114.635,job.na.out
15,3,2,48,8,8,8,24,8,8,8,MACRO,OLD,12345,1320,3072,37748736,6876,36864.000000,2198.555908,50.7287,118.059,6876,36864.000000,2152.779053,51.8074,120.57,job.na.out
16,3,2,48,8,8,8,24,8,8,8,MACRO,OLD,12345,1320,3072,37748736,7198,36864.000000,2198.639893,53.1022,123.583,7198,36864.000000,2143.433105,54.47,126.766,job.na.out
13,3,2,50,8,8,8,25,8,8,8,MACRO,OLD,12345,1320,3072,39321600,5655,38400.000000,2057.708984,46.4336,108.064,5655,38400.000000,2030.880981,47.047,109.491,job.na.out
14,3,2,50,8,8,8,25,8,8,8,MACRO,OLD,12345,1320,3072,39321600,6378,38400.000000,2199.267090,48.9994,114.035,6378,38400.000000,2157.518066,49.9475,116.242,job.na.out
15,3,2,50,8,8,8,25,8,8,8,MACRO,OLD,12345,1320,3072,39321600,6171,38400.000000,2033.256958,51.2799,119.342,6851,38400.000000,2196.888916,52.6902,122.624,job.na.out
16,3,2,50,8,8,8,25,8,8,8,MACRO,OLD,12345,1320,3072,39321600,6988,38400.000000,2200.621094,53.6527,124.864,6988,38400.000000,2147.683105,54.9752,127.942,job.na.out
13,3,2,52,8,8,8,26,8,8,8,MACRO,OLD,12345,1320,3072,40894464,5605,39936.000000,2100.988037,46.878,109.098,5605,39936.000000,2064.023926,47.7175,111.052,job.na.out
14,3,2,52,8,8,8,26,8,8,8,MACRO,OLD,12345,1320,3072,40894464,6188,39936.000000,2199.278076,49.441,115.063,6188,39936.000000,2155.013916,50.4565,117.426,job.na.out
15,3,2,52,8,8,8,26,8,8,8,MACRO,OLD,12345,1320,3072,40894464,6481,39936.000000,2199.334961,51.7807,120.508,6481,39936.000000,2151.291016,52.9371,123.199,job.na.out
16,3,2,52,8,8,8,26,8,8,8,MACRO,OLD,12345,1320,3072,40894464,6809,39936.000000,2198.989990,54.4098,126.626,6809,39936.000000,2150.712891,55.6312,129.469,job.na.out
13,3,2,54,8,8,8,27,8,8,8,MACRO,OLD,12345,1320,3072,42467328,5294,41472.000000,2046.092041,47.2135,109.879,5294,41472.000000,2018.798950,47.8518,111.364,job.na.out
14,3,2,54,8,8,8,27,8,8,8,MACRO,OLD,12345,1320,3072,42467328,5623,41472.000000,2058.170898,49.8533,116.022,5623,41472.000000,2020.197998,50.7904,118.203,job.na.out
15,3,2,54,8,8,8,27,8,8,8,MACRO,OLD,12345,1320,3072,42467328,5839,41472.000000,2031.619995,52.4449,122.054,6458,41472.000000,2198.819092,53.594,124.728,job.na.out
16,3,2,54,8,8,8,27,8,8,8,MACRO,OLD,12345,1320,3072,42467328,6630,41472.000000,2201.900879,54.9444,127.871,6630,41472.000000,2162.076904,55.9564,130.226,job.na.out
13,3,2,56,8,8,8,28,8,8,8,MACRO,OLD,12345,1320,3072,44040192,5320,43008.000000,2107.852051,47.761,111.153,5320,43008.000000,2082.547119,48.3413,112.503,job.na.out
14,3,2,56,8,8,8,28,8,8,8,MACRO,OLD,12345,1320,3072,44040192,5520,43008.000000,2081.402100,50.1863,116.797,5520,43008.000000,2044.083984,51.1025,118.929,job.na.out
15,3,2,56,8,8,8,28,8,8,8,MACRO,OLD,12345,1320,3072,44040192,6153,43008.000000,2200.845947,52.9053,123.125,6153,43008.000000,2154.310059,54.0481,125.785,job.na.out
16,3,2,56,8,8,8,28,8,8,8,MACRO,OLD,12345,1320,3072,44040192,6433,43008.000000,2202.419922,55.2733,128.636,6433,43008.000000,2158.214111,56.4054,131.271,job.na.out
13,3,2,58,8,8,8,29,8,8,8,MACRO,OLD,12345,1320,3072,45613056,5164,44544.000000,2107.000977,48.0356,111.792,5164,44544.000000,2083.560059,48.576,113.05,job.na.out
14,3,2,58,8,8,8,29,8,8,8,MACRO,OLD,12345,1320,3072,45613056,5294,44544.000000,2049.138916,50.6354,117.842,5294,44544.000000,2013.836060,51.5231,119.908,job.na.out
15,3,2,58,8,8,8,29,8,8,8,MACRO,OLD,12345,1320,3072,45613056,5559,44544.000000,2033.961060,53.5668,124.665,5559,44544.000000,2009.175049,54.2277,126.203,job.na.out
16,3,2,58,8,8,8,29,8,8,8,MACRO,OLD,12345,1320,3072,45613056,6247,44544.000000,2189.562988,55.9186,130.138,6247,44544.000000,2138.507080,57.2536,133.245,job.na.out
13,3,2,60,8,8,8,30,8,8,8,MACRO,OLD,12345,1320,3072,47185920,4968,46080.000000,2079.269043,48.4436,112.741,4968,46080.000000,2056.082031,48.9899,114.013,job.na.out
14,3,2,60,8,8,8,30,8,8,8,MACRO,OLD,12345,1320,3072,47185920,5523,46080.000000,2199.701904,50.9069,118.474,5523,46080.000000,2158.403076,51.8809,120.741,job.na.out
15,3,2,60,8,8,8,30,8,8,8,MACRO,OLD,12345,1320,3072,47185920,5833,46080.000000,2200.597900,53.7423,125.073,5833,46080.000000,2168.225098,54.5447,126.94,job.na.out
16,3,2,60,8,8,8,30,8,8,8,MACRO,OLD,12345,1320,3072,47185920,6145,46080.000000,2201.000000,56.6066,131.739,6145,46080.000000,2164.976074,57.5485,133.931,job.na.out
13,3,2,62,8,8,8,31,8,8,8,MACRO,OLD,12345,1320,3072,48758784,5113,47616.000000,2198.662109,48.7218,113.389,5113,47616.000000,2162.769043,49.5303,115.271,job.na.out
14,3,2,62,8,8,8,31,8,8,8,MACRO,OLD,12345,1320,3072,48758784,5007,47616.000000,2037.602051,51.483,119.815,5007,47616.000000,2024.697998,51.8111,120.579,job.na.out
15,3,2,62,8,8,8,31,8,8,8,MACRO,OLD,12345,1320,3072,48758784,5693,47616.000000,2199.785889,54.2209,126.187,5693,47616.000000,2169.913086,54.9673,127.924,job.na.out
16,3,2,62,8,8,8,31,8,8,8,MACRO,OLD,12345,1320,3072,48758784,5972,47616.000000,2197.620117,56.9341,132.501,5972,47616.000000,2158.533936,57.9651,134.901,job.na.out
13,3,2,64,8,8,8,32,8,8,8,MACRO,OLD,12345,1320,3072,50331648,4985,49152.000000,2198.739990,49.0326,114.112,4985,49152.000000,2171.229004,49.6539,115.558,job.na.out
14,3,2,64,8,8,8,32,8,8,8,MACRO,OLD,12345,1320,3072,50331648,4817,49152.000000,2015.406982,51.6901,120.297,5360,49152.000000,2197.605957,52.7483,122.76,job.na.out
15,3,2,64,8,8,8,32,8,8,8,MACRO,OLD,12345,1320,3072,50331648,5540,49152.000000,2199.839111,54.4644,126.754,5540,49152.000000,2159.245117,55.4883,129.136,job.na.out
16,3,2,64,8,8,8,32,8,8,8,MACRO,OLD,12345,1320,3072,50331648,5814,49152.000000,2200.514893,57.1406,132.982,5814,49152.000000,2149.965088,58.4841,136.108,job.na.out
13,3,2,66,8,8,8,33,8,8,8,MACRO,OLD,12345,1320,3072,51904512,4867,50688.000000,2200.486084,49.3288,114.802,4867,50688.000000,2178.965088,49.816,115.935,job.na.out
14,3,2,66,8,8,8,33,8,8,8,MACRO,OLD,12345,1320,3072,51904512,4707,50688.000000,2013.942017,52.1261,121.312,5179,50688.000000,2183.950928,52.8885,123.086,job.na.out
15,3,2,66,8,8,8,33,8,8,8,MACRO,OLD,12345,1320,3072,51904512,4954,50688.000000,2007.631958,55.0338,128.079,5489,50688.000000,2188.310059,55.9425,130.194,job.na.out
16,3,2,66,8,8,8,33,8,8,8,MACRO,OLD,12345,1320,3072,51904512,5242,50688.000000,2022.692993,57.7996,134.515,5785,50688.000000,2189.688965,58.9222,137.128,job.na.out
13,3,2,68,8,8,8,34,8,8,8,MACRO,OLD,12345,1320,3072,53477376,4438,52224.000000,2051.516113,49.709,115.686,4438,52224.000000,2035.447021,50.1015,116.6,job.na.out
14,3,2,68,8,8,8,34,8,8,8,MACRO,OLD,12345,1320,3072,53477376,4714,52224.000000,2069.623047,52.3385,121.806,4714,52224.000000,2029.307007,53.3783,124.226,job.na.out
15,3,2,68,8,8,8,34,8,8,8,MACRO,OLD,12345,1320,3072,53477376,5296,52224.000000,2197.791016,55.3713,128.864,5296,52224.000000,2157.814941,56.3971,131.251,job.na.out
16,3,2,68,8,8,8,34,8,8,8,MACRO,OLD,12345,1320,3072,53477376,5520,52224.000000,2206.849121,57.4764,133.763,5520,52224.000000,2135.537109,59.3957,138.23,job.na.out
13,3,2,70,8,8,8,35,8,8,8,MACRO,OLD,12345,1320,3072,55050240,4426,53760.000000,2093.552002,50.008,116.382,4426,53760.000000,2081.271973,50.3031,117.069,job.na.out
14,3,2,70,8,8,8,35,8,8,8,MACRO,OLD,12345,1320,3072,55050240,4918,53760.000000,2198.187012,52.9219,123.164,4918,53760.000000,2172.019043,53.5595,124.648,job.na.out
15,3,2,70,8,8,8,35,8,8,8,MACRO,OLD,12345,1320,3072,55050240,5186,53760.000000,2200.591064,55.7449,129.734,5186,53760.000000,2174.524902,56.4131,131.289,job.na.out
16,3,2,70,8,8,8,35,8,8,8,MACRO,OLD,12345,1320,3072,55050240,4947,53760.000000,2000.567017,58.4926,136.128,5520,53760.000000,2193.585938,59.5246,138.53,job.na.out
13,3,2,72,8,8,8,36,8,8,8,MACRO,OLD,12345,1320,3072,56623104,4316,55296.000000,2090.087891,50.2416,116.926,4316,55296.000000,2066.089111,50.8252,118.284,job.na.out
14,3,2,72,8,8,8,36,8,8,8,MACRO,OLD,12345,1320,3072,56623104,4480,55296.000000,2056.627930,52.9991,123.343,4480,55296.000000,2036.801025,53.515,124.544,job.na.out
15,3,2,72,8,8,8,36,8,8,8,MACRO,OLD,12345,1320,3072,56623104,4634,55296.000000,2022.588013,55.7436,129.731,5145,55296.000000,2195.004883,57.0291,132.722,job.na.out
16,3,2,72,8,8,8,36,8,8,8,MACRO,OLD,12345,1320,3072,56623104,5305,55296.000000,2196.610107,58.7596,136.75,5305,55296.000000,2160.270020,59.7481,139.05,job.na.out
13,3,2,74,8,8,8,37,8,8,8,MACRO,OLD,12345,1320,3072,58195968,4171,56832.000000,2081.574951,50.1065,116.611,4171,56832.000000,2052.446045,50.8176,118.266,job.na.out
14,3,2,74,8,8,8,37,8,8,8,MACRO,OLD,12345,1320,3072,58195968,4696,56832.000000,2200.114990,53.3738,124.215,4696,56832.000000,2171.593994,54.0748,125.847,job.na.out
15,3,2,74,8,8,8,37,8,8,8,MACRO,OLD,12345,1320,3072,58195968,4589,56832.000000,2038.461060,56.2939,131.011,4589,56832.000000,2013.328979,56.9966,132.647,job.na.out
16,3,2,74,8,8,8,37,8,8,8,MACRO,OLD,12345,1320,3072,58195968,5203,56832.000000,2198.662109,59.1754,137.717,5203,56832.000000,2164.395996,60.1122,139.898,job.na.out
13,3,2,76,8,8,8,38,8,8,8,MACRO,OLD,12345,1320,3072,59768832,4026,58368.000000,2049.582031,50.4471,117.404,4026,58368.000000,2022.642944,51.119,118.968,job.na.out
14,3,2,76,8,8,8,38,8,8,8,MACRO,OLD,12345,1320,3072,59768832,4330,58368.000000,2080.832031,53.4415,124.373,4330,58368.000000,2046.327026,54.3426,126.47,job.na.out
15,3,2,76,8,8,8,38,8,8,8,MACRO,OLD,12345,1320,3072,59768832,4832,58368.000000,2198.478027,56.4459,131.365,4832,58368.000000,2162.398926,57.3877,133.557,job.na.out
16,3,2,76,8,8,8,38,8,8,8,MACRO,OLD,12345,1320,3072,59768832,5082,58368.000000,2198.590088,59.3633,138.155,5082,58368.000000,2158.448975,60.4673,140.724,job.na.out
13,3,2,78,8,8,8,39,8,8,8,MACRO,OLD,12345,1320,3072,61341696,3907,59904.000000,2028.748047,50.7603,118.133,3907,59904.000000,2004.994995,51.3616,119.532,job.na.out
14,3,2,78,8,8,8,39,8,8,8,MACRO,OLD,12345,1320,3072,61341696,4156,59904.000000,2037.090942,53.7742,125.147,4156,59904.000000,2028.197998,54.0099,125.696,job.na.out
15,3,2,78,8,8,8,39,8,8,8,MACRO,OLD,12345,1320,3072,61341696,4754,59904.000000,2196.068115,57.0587,132.791,4754,59904.000000,2167.593018,57.8083,134.536,job.na.out
16,3,2,78,8,8,8,39,8,8,8,MACRO,OLD,12345,1320,3072,61341696,4981,59904.000000,2197.072998,59.7559,139.068,4981,59904.000000,2162.379883,60.7146,141.299,job.na.out
13,3,2,80,8,8,8,40,8,8,8,MACRO,OLD,12345,1320,3072,62914560,3898,61440.000000,2063.969971,51.0555,118.82,3898,61440.000000,2054.349121,51.2946,119.376,job.na.out
14,3,2,80,8,8,8,40,8,8,8,MACRO,OLD,12345,1320,3072,62914560,3975,61440.000000,2004.109009,53.6191,124.786,3975,61440.000000,2002.649048,53.6582,124.877,job.na.out
15,3,2,80,8,8,8,40,8,8,8,MACRO,OLD,12345,1320,3072,62914560,4362,61440.000000,2068.863037,56.9978,132.649,4362,61440.000000,2043.874023,57.6946,134.271,job.na.out
16,3,2,80,8,8,8,40,8,8,8,MACRO,OLD,12345,1320,3072,62914560,4901,61440.000000,2200.185059,60.2184,140.145,4901,61440.000000,2177.384033,60.849,141.612,job.na.out
13,3,2,82,8,8,8,41,8,8,8,MACRO,OLD,12345,1320,3072,64487424,3837,62976.000000,2063.517090,51.5242,119.911,3837,62976.000000,2049.502930,51.8765,120.731,job.na.out
14,3,2,82,8,8,8,41,8,8,8,MACRO,OLD,12345,1320,3072,64487424,4081,62976.000000,2074.976074,54.4981,126.832,4081,62976.000000,2066.551025,54.7203,127.349,job.na.out
15,3,2,82,8,8,8,41,8,8,8,MACRO,OLD,12345,1320,3072,64487424,4137,62976.000000,2021.064941,56.7196,132.002,4621,62976.000000,2191.327881,58.4328,135.989,job.na.out
16,3,2,82,8,8,8,41,8,8,8,MACRO,OLD,12345,1320,3072,64487424,4767,62976.000000,2184.907959,60.456,140.698,4767,62976.000000,2151.086914,61.4066,142.91,job.na.out
13,3,2,84,8,8,8,42,8,8,8,MACRO,OLD,12345,1320,3072,66060288,3758,64512.000000,2067.707031,51.5895,120.063,3758,64512.000000,2082.714111,51.2177,119.198,job.na.out
14,3,2,84,8,8,8,42,8,8,8,MACRO,OLD,12345,1320,3072,66060288,3852,64512.000000,2012.548950,54.3292,126.439,4273,64512.000000,2181.474121,55.6002,129.397,job.na.out
15,3,2,84,8,8,8,42,8,8,8,MACRO,OLD,12345,1320,3072,66060288,4474,64512.000000,2198.978027,57.7522,134.405,4474,64512.000000,2191.956055,57.9372,134.836,job.na.out
16,3,2,84,8,8,8,42,8,8,8,MACRO,OLD,12345,1320,3072,66060288,4703,64512.000000,2197.653076,60.7448,141.37,4703,64512.000000,2170.500000,61.5047,143.138,job.na.out
13,3,2,86,8,8,8,43,8,8,8,MACRO,OLD,12345,1320,3072,67633152,3603,66048.000000,2024.576050,51.7181,120.362,3967,66048.000000,2187.281982,52.7072,122.664,job.na.out
14,3,2,86,8,8,8,43,8,8,8,MACRO,OLD,12345,1320,3072,67633152,3869,66048.000000,2045.442993,54.9697,127.93,3869,66048.000000,2036.680054,55.2063,128.48,job.na.out
15,3,2,86,8,8,8,43,8,8,8,MACRO,OLD,12345,1320,3072,67633152,4376,66048.000000,2198.499023,57.8447,134.62,4376,66048.000000,2173.235107,58.5171,136.185,job.na.out
16,3,2,86,8,8,8,43,8,8,8,MACRO,OLD,12345,1320,3072,67633152,4615,66048.000000,2198.577881,61.0017,141.968,4615,66048.000000,2174.367920,61.6809,143.548,job.na.out
13,3,2,88,8,8,8,44,8,8,8,MACRO,OLD,12345,1320,3072,69206016,3511,67584.000000,2013.883057,51.8434,120.654,3887,67584.000000,2200.840088,52.5197,122.228,job.na.out
14,3,2,88,8,8,8,44,8,8,8,MACRO,OLD,12345,1320,3072,69206016,4070,67584.000000,2199.158936,55.0344,128.08,4070,67584.000000,2180.341064,55.5094,129.186,job.na.out
15,3,2,88,8,8,8,44,8,8,8,MACRO,OLD,12345,1320,3072,69206016,4288,67584.000000,2199.845947,57.9641,134.898,4288,67584.000000,2168.717041,58.7961,136.835,job.na.out
16,3,2,88,8,8,8,44,8,8,8,MACRO,OLD,12345,1320,3072,69206016,4497,67584.000000,2186.832031,61.1511,142.315,4497,67584.000000,2145.517090,62.3286,145.056,job.na.out
13,3,2,90,8,8,8,45,8,8,8,MACRO,OLD,12345,1320,3072,70778880,3761,69120.000000,2197.908936,52.0415,121.115,3761,69120.000000,2181.193115,52.4404,122.043,job.na.out
14,3,2,90,8,8,8,45,8,8,8,MACRO,OLD,12345,1320,3072,70778880,3627,69120.000000,2017.260986,54.6817,127.259,3627,69120.000000,2013.963013,54.7712,127.468,job.na.out
15,3,2,90,8,8,8,45,8,8,8,MACRO,OLD,12345,1320,3072,70778880,4215,69120.000000,2196.476074,58.3616,135.823,4215,69120.000000,2179.478027,58.8168,136.883,job.na.out
16,3,2,90,8,8,8,45,8,8,8,MACRO,OLD,12345,1320,3072,70778880,4440,69120.000000,2198.194092,61.429,142.962,4440,69120.000000,2164.717041,62.379,145.173,job.na.out
13,3,2,92,8,8,8,46,8,8,8,MACRO,OLD,12345,1320,3072,72351744,3405,70656.000000,2030.692017,52.1284,121.317,3405,70656.000000,2006.657959,52.7528,122.77,job.na.out
14,3,2,92,8,8,8,46,8,8,8,MACRO,OLD,12345,1320,3072,72351744,3574,70656.000000,2008.870972,55.3101,128.722,3964,70656.000000,2192.733887,56.2017,130.797,job.na.out
15,3,2,92,8,8,8,46,8,8,8,MACRO,OLD,12345,1320,3072,72351744,3793,70656.000000,2015.912964,58.4942,136.132,4189,70656.000000,2192.468018,59.399,138.238,job.na.out
16,3,2,92,8,8,8,46,8,8,8,MACRO,OLD,12345,1320,3072,72351744,4352,70656.000000,2194.053955,61.6656,143.513,4352,70656.000000,2162.159912,62.5753,145.63,job.na.out
13,3,2,94,8,8,8,47,8,8,8,MACRO,OLD,12345,1320,3072,73924608,3303,72192.000000,2004.295044,52.3466,121.825,3665,72192.000000,2188.550049,53.1936,123.796,job.na.out
14,3,2,94,8,8,8,47,8,8,8,MACRO,OLD,12345,1320,3072,73924608,3856,72192.000000,2197.808105,55.73,129.699,3856,72192.000000,2191.654053,55.8865,130.063,job.na.out
15,3,2,94,8,8,8,47,8,8,8,MACRO,OLD,12345,1320,3072,73924608,4080,72192.000000,2200.385010,58.8984,137.073,4080,72192.000000,2181.685059,59.4032,138.247,job.na.out
16,3,2,94,8,8,8,47,8,8,8,MACRO,OLD,12345,1320,3072,73924608,4289,72192.000000,2199.698975,61.9348,144.139,4289,72192.000000,2178.196045,62.5462,145.562,job.na.out
13,3,2,96,8,8,8,48,8,8,8,MACRO,OLD,12345,1320,3072,75497472,3225,73728.000000,2016.463013,51.8829,120.746,3604,73728.000000,2194.495117,53.2765,123.989,job.na.out
14,3,2,96,8,8,8,48,8,8,8,MACRO,OLD,12345,1320,3072,75497472,3525,73728.000000,2049.301025,55.8006,129.863,3525,73728.000000,2047.999023,55.836,129.946,job.na.out
15,3,2,96,8,8,8,48,8,8,8,MACRO,OLD,12345,1320,3072,75497472,3663,73728.000000,2013.535034,59.0151,137.344,4060,73728.000000,2195.176025,59.9987,139.633,job.na.out
16,3,2,96,8,8,8,48,8,8,8,MACRO,OLD,12345,1320,3072,75497472,4211,73728.000000,2200.268066,62.0862,144.491,4211,73728.000000,2159.170898,63.2679,147.242,job.na.out
13,3,2,98,8,8,8,49,8,8,8,MACRO,OLD,12345,1320,3072,77070336,3505,75264.000000,2198.962891,52.7849,122.845,3505,75264.000000,2193.235107,52.9228,123.166,job.na.out
14,3,2,98,8,8,8,49,8,8,8,MACRO,OLD,12345,1320,3072,77070336,3387,75264.000000,2000.012939,56.0819,130.518,3754,75264.000000,2194.351074,56.6537,131.849,job.na.out
15,3,2,98,8,8,8,49,8,8,8,MACRO,OLD,12345,1320,3072,77070336,3939,75264.000000,2197.041016,59.3728,138.177,3939,75264.000000,2173.689941,60.0107,139.661,job.na.out
16,3,2,98,8,8,8,49,8,8,8,MACRO,OLD,12345,1320,3072,77070336,4153,75264.000000,2200.238037,62.5075,145.472,4153,75264.000000,2178.395996,63.1343,146.931,job.na.out
13,3,2,100,8,8,8,50,8,8,8,MACRO,OLD,12345,1320,3072,78643200,3142,76800.000000,2010.292969,52.8154,122.916,3471,76800.000000,2201.416016,53.2803,123.998,job.na.out
14,3,2,100,8,8,8,50,8,8,8,MACRO,OLD,12345,1320,3072,78643200,3325,76800.000000,2000.682007,56.16,130.7,3688,76800.000000,2193.027100,56.8278,132.254,job.na.out
15,3,2,100,8,8,8,50,8,8,8,MACRO,OLD,12345,1320,3072,78643200,3826,76800.000000,2182.418945,59.2408,137.869,3826,76800.000000,2149.299072,60.1537,139.994,job.na.out
16,3,2,100,8,8,8,50,8,8,8,MACRO,OLD,12345,1320,3072,78643200,4068,76800.000000,2199.388916,62.5018,145.459,4068,76800.000000,2160.643066,63.6227,148.067,job.na.out
13,3,2,102,8,8,8,51,8,8,8,MACRO,OLD,12345,1320,3072,80216064,3120,78336.000000,2027.770996,53.0334,123.423,3120,78336.000000,2020.228027,53.2314,123.884,job.na.out
14,3,2,102,8,8,8,51,8,8,8,MACRO,OLD,12345,1320,3072,80216064,3273,78336.000000,2002.250000,56.3432,131.126,3623,78336.000000,2196.500977,56.8527,132.312,job.na.out
15,3,2,102,8,8,8,51,8,8,8,MACRO,OLD,12345,1320,3072,80216064,3802,78336.000000,2199.418945,59.5824,138.665,3802,78336.000000,2194.489014,59.7163,138.976,job.na.out
16,3,2,102,8,8,8,51,8,8,8,MACRO,OLD,12345,1320,3072,80216064,4010,78336.000000,2199.160889,62.8494,146.268,4010,78336.000000,2179.326904,63.4214,147.599,job.na.out
13,3,2,104,8,8,8,52,8,8,8,MACRO,OLD,12345,1320,3072,81788928,3308,79872.000000,2187.333984,53.1493,123.693,3308,79872.000000,2168.500000,53.6109,124.767,job.na.out
14,3,2,104,8,8,8,52,8,8,8,MACRO,OLD,12345,1320,3072,81788928,3242,79872.000000,2018.067993,56.4579,131.393,3242,79872.000000,2036.097046,55.9579,130.229,job.na.out
15,3,2,104,8,8,8,52,8,8,8,MACRO,OLD,12345,1320,3072,81788928,3730,79872.000000,2199.370117,59.6016,138.709,3730,79872.000000,2197.937012,59.6404,138.8,job.na.out
16,3,2,104,8,8,8,52,8,8,8,MACRO,OLD,12345,1320,3072,81788928,3933,79872.000000,2199.434082,62.8435,146.254,3933,79872.000000,2166.690918,63.7932,148.464,job.na.out
13,3,2,106,8,8,8,53,8,8,8,MACRO,OLD,12345,1320,3072,83361792,3051,81408.000000,2097.801025,52.0952,121.24,3051,81408.000000,2043.439941,53.4811,124.465,job.na.out
14,3,2,106,8,8,8,53,8,8,8,MACRO,OLD,12345,1320,3072,83361792,3237,81408.000000,2047.233032,56.6363,131.808,3237,81408.000000,2038.420044,56.8812,132.378,job.na.out
15,3,2,106,8,8,8,53,8,8,8,MACRO,OLD,12345,1320,3072,83361792,3675,81408.000000,2199.027100,59.8614,139.314,3675,81408.000000,2183.455078,60.2883,140.307,job.na.out
16,3,2,106,8,8,8,53,8,8,8,MACRO,OLD,12345,1320,3072,83361792,3880,81408.000000,2200.641113,63.1542,146.977,3880,81408.000000,2177.423096,63.8276,148.544,job.na.out
13,3,2,108,8,8,8,54,8,8,8,MACRO,OLD,12345,1320,3072,84934656,3219,82944.000000,2201.507080,53.3628,124.19,3219,82944.000000,2190.729980,53.6253,124.801,job.na.out
14,3,2,108,8,8,8,54,8,8,8,MACRO,OLD,12345,1320,3072,84934656,3425,82944.000000,2199.889893,56.8195,132.234,3425,82944.000000,2186.569092,57.1656,133.04,job.na.out
15,3,2,108,8,8,8,54,8,8,8,MACRO,OLD,12345,1320,3072,84934656,3611,82944.000000,2199.798096,59.9077,139.421,3611,82944.000000,2189.035889,60.2022,140.107,job.na.out
16,3,2,108,8,8,8,54,8,8,8,MACRO,OLD,12345,1320,3072,84934656,3816,82944.000000,2199.470947,63.3181,147.358,3816,82944.000000,2167.876953,64.2409,149.506,job.na.out
13,3,2,110,8,8,8,55,8,8,8,MACRO,OLD,12345,1320,3072,86507520,2981,84480.000000,2068.477051,53.5695,124.671,2981,84480.000000,2073.562012,53.4382,124.365,job.na.out
14,3,2,110,8,8,8,55,8,8,8,MACRO,OLD,12345,1320,3072,86507520,3375,84480.000000,2199.614014,57.034,132.734,3375,84480.000000,2195.571045,57.139,132.978,job.na.out
15,3,2,110,8,8,8,55,8,8,8,MACRO,OLD,12345,1320,3072,86507520,3562,84480.000000,2198.747070,60.2178,140.143,3562,84480.000000,2176.574951,60.8313,141.571,job.na.out
16,3,2,110,8,8,8,55,8,8,8,MACRO,OLD,12345,1320,3072,86507520,3759,84480.000000,2198.871094,63.5447,147.886,3759,84480.000000,2183.027100,64.0059,148.959,job.na.out
13,3,2,112,8,8,8,56,8,8,8,MACRO,OLD,12345,1320,3072,88080384,2983,86016.000000,2097.189941,53.8329,125.284,2983,86016.000000,2092.091064,53.9641,125.589,job.na.out
14,3,2,112,8,8,8,56,8,8,8,MACRO,OLD,12345,1320,3072,88080384,3316,86016.000000,2201.227051,57.014,132.687,3316,86016.000000,2177.597900,57.6327,134.127,job.na.out
15,3,2,112,8,8,8,56,8,8,8,MACRO,OLD,12345,1320,3072,88080384,3506,86016.000000,2199.720947,60.3221,140.386,3506,86016.000000,2180.715088,60.8478,141.609,job.na.out
16,3,2,112,8,8,8,56,8,8,8,MACRO,OLD,12345,1320,3072,88080384,3677,86016.000000,2185.922119,63.6636,148.162,3677,86016.000000,2152.753906,64.6444,150.445,job.na.out
13,3,2,114,8,8,8,57,8,8,8,MACRO,OLD,12345,1320,3072,89653248,2892,87552.000000,2068.349121,53.8633,125.355,2892,87552.000000,2068.518066,53.8589,125.344,job.na.out
14,3,2,114,8,8,8,57,8,8,8,MACRO,OLD,12345,1320,3072,89653248,2958,87552.000000,2030.051025,56.1319,130.634,3278,87552.000000,2192.041016,57.6075,134.068,job.na.out
15,3,2,114,8,8,8,57,8,8,8,MACRO,OLD,12345,1320,3072,89653248,3202,87552.000000,2031.764038,60.7109,141.291,3202,87552.000000,2029.952026,60.7651,141.417,job.na.out
16,3,2,114,8,8,8,57,8,8,8,MACRO,OLD,12345,1320,3072,89653248,3645,87552.000000,2200.700928,63.8051,148.492,3645,87552.000000,2175.193115,64.5533,150.233,job.na.out
13,3,2,116,8,8,8,58,8,8,8,MACRO,OLD,12345,1320,3072,91226112,2738,89088.000000,2038.291016,52.6549,122.542,3015,89088.000000,2171.232910,54.4318,126.678,job.na.out
14,3,2,116,8,8,8,58,8,8,8,MACRO,OLD,12345,1320,3072,91226112,3009,89088.000000,2053.883057,57.4273,133.649,3009,89088.000000,2089.958984,56.436,131.342,job.na.out
15,3,2,116,8,8,8,58,8,8,8,MACRO,OLD,12345,1320,3072,91226112,3092,89088.000000,2002.717041,60.519,140.844,3431,89088.000000,2190.104004,61.4084,142.914,job.na.out
16,3,2,116,8,8,8,58,8,8,8,MACRO,OLD,12345,1320,3072,91226112,3593,89088.000000,2200.912109,63.9921,148.927,3593,89088.000000,2165.627930,65.0347,151.354,job.na.out
13,3,2,118,8,8,8,59,8,8,8,MACRO,OLD,12345,1320,3072,92798976,2736,90624.000000,2025.828979,53.8529,125.33,2736,90624.000000,2035.259033,53.6034,124.75,job.na.out
14,3,2,118,8,8,8,59,8,8,8,MACRO,OLD,12345,1320,3072,92798976,2887,90624.000000,2011.454956,57.2311,133.192,2887,90624.000000,2007.916992,57.332,133.427,job.na.out
15,3,2,118,8,8,8,59,8,8,8,MACRO,OLD,12345,1320,3072,92798976,3350,90624.000000,2201.475098,60.6774,141.213,3350,90624.000000,2200.625977,60.7008,141.267,job.na.out
16,3,2,118,8,8,8,59,8,8,8,MACRO,OLD,12345,1320,3072,92798976,3529,90624.000000,2188.721924,64.292,149.625,3529,90624.000000,2173.020020,64.7566,150.706,job.na.out
13,3,2,120,8,8,8,60,8,8,8,MACRO,OLD,12345,1320,3072,94371840,2706,92160.000000,2034.681030,53.9295,125.509,2706,92160.000000,2050.120117,53.5234,124.564,job.na.out
14,3,2,120,8,8,8,60,8,8,8,MACRO,OLD,12345,1320,3072,94371840,2847,92160.000000,2006.525024,57.5358,133.901,3138,92160.000000,2183.893066,58.2662,135.601,job.na.out
15,3,2,120,8,8,8,60,8,8,8,MACRO,OLD,12345,1320,3072,94371840,3015,92160.000000,2004.973999,60.9781,141.913,3333,92160.000000,2191.955078,61.6593,143.498,job.na.out
16,3,2,120,8,8,8,60,8,8,8,MACRO,OLD,12345,1320,3072,94371840,3483,92160.000000,2201.637939,64.1509,149.297,3483,92160.000000,2157.204102,65.4723,152.372,job.na.out
13,3,2,122,8,8,8,61,8,8,8,MACRO,OLD,12345,1320,3072,95944704,2650,93696.000000,2023.968018,53.9779,125.621,2650,93696.000000,2023.886963,53.9801,125.626,job.na.out
14,3,2,122,8,8,8,61,8,8,8,MACRO,OLD,12345,1320,3072,95944704,2851,93696.000000,2039.390015,57.6329,134.128,2851,93696.000000,2044.197021,57.4974,133.812,job.na.out
15,3,2,122,8,8,8,61,8,8,8,MACRO,OLD,12345,1320,3072,95944704,3252,93696.000000,2200.585938,60.9237,141.786,3252,93696.000000,2182.047119,61.4413,142.991,job.na.out
16,3,2,122,8,8,8,61,8,8,8,MACRO,OLD,12345,1320,3072,95944704,3435,93696.000000,2200.625977,64.3508,149.762,3435,93696.000000,2192.405029,64.5921,150.324,job.na.out
13,3,2,124,8,8,8,62,8,8,8,MACRO,OLD,12345,1320,3072,97517568,2858,95232.000000,2200.729004,54.4166,126.642,2858,95232.000000,2184.657959,54.8169,127.574,job.na.out
14,3,2,124,8,8,8,62,8,8,8,MACRO,OLD,12345,1320,3072,97517568,2776,95232.000000,2017.550049,57.6542,134.177,2776,95232.000000,2015.515015,57.7124,134.312,job.na.out
15,3,2,124,8,8,8,62,8,8,8,MACRO,OLD,12345,1320,3072,97517568,3210,95232.000000,2200.446045,61.1266,142.258,3210,95232.000000,2203.860107,61.0319,142.038,job.na.out
16,3,2,124,8,8,8,62,8,8,8,MACRO,OLD,12345,1320,3072,97517568,3111,95232.000000,2021.592041,64.4825,150.068,3424,95232.000000,2189.727051,65.5208,152.485,job.na.out
13,3,2,126,8,8,8,63,8,8,8,MACRO,OLD,12345,1320,3072,99090432,2619,96768.000000,2043.567993,54.5671,126.993,2619,96768.000000,2064.085938,54.0247,125.73,job.na.out
14,3,2,126,8,8,8,63,8,8,8,MACRO,OLD,12345,1320,3072,99090432,2746,96768.000000,2026.186035,57.704,134.293,2746,96768.000000,2011.175049,58.1347,135.295,job.na.out
15,3,2,126,8,8,8,63,8,8,8,MACRO,OLD,12345,1320,3072,99090432,2904,96768.000000,2016.849976,61.3066,142.677,2904,96768.000000,2007.025024,61.6067,143.376,job.na.out
16,3,2,126,8,8,8,63,8,8,8,MACRO,OLD,12345,1320,3072,99090432,3053,96768.000000,2004.406006,64.8523,150.929,3372,96768.000000,2188.885986,65.5917,152.65,job.na.out
13,3,2,128,8,8,8,64,8,8,8,MACRO,OLD,12345,1320,3072,100663296,2576,98304.000000,2043.401001,54.5276,126.901,2576,98304.000000,2052.522949,54.2852,126.337,job.na.out
14,3,2,128,8,8,8,64,8,8,8,MACRO,OLD,12345,1320,3072,100663296,2686,98304.000000,2007.906006,57.8611,134.659,2968,98304.000000,2198.991943,58.38,135.866,job.na.out
15,3,2,128,8,8,8,64,8,8,8,MACRO,OLD,12345,1320,3072,100663296,2838,98304.000000,2000.057007,61.3753,142.837,3137,98304.000000,2191.964111,61.902,144.063,job.na.out
16,3,2,128,8,8,8,64,8,8,8,MACRO,OLD,12345,1320,3072,100663296,3292,98304.000000,2200.962891,64.695,150.563,3292,98304.000000,2180.575928,65.2999,151.971,job.na.out
7,3,4,16,8,8,8,4,8,8,8,MACRO,OLD,12345,1320,3072,6291456,13664,6144.000000,2142.510010,17.2409,40.1242,13664,6144.000000,2069.052979,17.853,41.5487,job.na.out
8,3,4,16,8,8,8,4,8,8,8,MACRO,OLD,12345,1320,3072,6291456,14137,6144.000000,2080.469971,18.3696,42.7511,15783,6144.000000,2191.430908,19.47,45.312,job.na.out
7,3,4,20,8,8,8,5,8,8,8,MACRO,OLD,12345,1320,3072,7864320,11888,7680.000000,2142.666016,18.7486,43.633,11888,7680.000000,2011.581055,19.9703,46.4764,job.na.out
8,3,4,20,8,8,8,5,8,8,8,MACRO,OLD,12345,1320,3072,7864320,12749,7680.000000,2104.886963,20.4673,47.6331,12749,7680.000000,2001.749023,21.5219,50.0873,job.na.out
7,3,4,24,8,8,8,6,8,8,8,MACRO,OLD,12345,1320,3072,9437184,10566,9216.000000,2130.069092,20.1146,46.8122,10566,9216.000000,2056.373047,20.8355,48.4899,job.na.out
8,3,4,24,8,8,8,6,8,8,8,MACRO,OLD,12345,1320,3072,9437184,11336,9216.000000,2102.759033,21.8608,50.876,12572,9216.000000,2196.360107,23.2111,54.0186,job.na.out
7,3,4,28,8,8,8,7,8,8,8,MACRO,OLD,12345,1320,3072,11010048,9716,10752.000000,2144.132080,21.4377,49.8913,9716,10752.000000,2054.711914,22.3706,52.0626,job.na.out
8,3,4,28,8,8,8,7,8,8,8,MACRO,OLD,12345,1320,3072,11010048,10458,10752.000000,2106.308105,23.4892,54.6658,10458,10752.000000,2021.895996,24.4699,56.9481,job.na.out
7,3,4,32,8,8,8,8,8,8,8,MACRO,OLD,12345,1320,3072,12582912,8715,12288.000000,2137.402100,22.0453,51.3053,8715,12288.000000,2015.286987,23.3811,54.4141,job.na.out
8,3,4,32,8,8,8,8,8,8,8,MACRO,OLD,12345,1320,3072,12582912,9189,12288.000000,2027.671021,24.5022,57.0232,10421,12288.000000,2195.496094,25.6632,59.7252,job.na.out
7,3,4,36,8,8,8,9,8,8,8,MACRO,OLD,12345,1320,3072,14155776,8186,13824.000000,2143.607910,23.2281,54.058,8186,13824.000000,2086.669922,23.8619,55.5331,job.na.out
8,3,4,36,8,8,8,9,8,8,8,MACRO,OLD,12345,1320,3072,14155776,8774,13824.000000,2105.022949,25.3529,59.0031,8774,13824.000000,2006.697021,26.5951,61.8941,job.na.out
7,3,4,40,8,8,8,10,8,8,8,MACRO,OLD,12345,1320,3072,15728640,7557,15360.000000,2137.485107,23.8941,55.608,7557,15360.000000,2071.235107,24.6583,57.3867,job.na.out
8,3,4,40,8,8,8,10,8,8,8,MACRO,OLD,12345,1320,3072,15728640,8218,15360.000000,2096.977051,26.486,61.6401,8218,15360.000000,2046.869995,27.1344,63.1491,job.na.out
7,3,4,44,8,8,8,11,8,8,8,MACRO,OLD,12345,1320,3072,17301504,6986,16896.000000,2124.370117,24.4475,56.8961,6986,16896.000000,2048.641113,25.3512,58.9993,job.na.out
8,3,4,44,8,8,8,11,8,8,8,MACRO,OLD,12345,1320,3072,17301504,7630,16896.000000,2091.229980,27.1243,63.1258,7630,16896.000000,2019.048950,28.094,65.3825,job.na.out
7,3,4,48,8,8,8,12,8,8,8,MACRO,OLD,12345,1320,3072,18874368,6573,18432.000000,2122.569092,25.1146,58.4486,6573,18432.000000,2055.631104,25.9325,60.3519,job.na.out
8,3,4,48,8,8,8,12,8,8,8,MACRO,OLD,12345,1320,3072,18874368,7192,18432.000000,2102.612061,27.7406,64.5599,7192,18432.000000,2031.292969,28.7146,66.8266,job.na.out
7,3,4,52,8,8,8,13,8,8,8,MACRO,OLD,12345,1320,3072,20447232,5939,19968.000000,2047.771973,25.4811,59.3016,5939,19968.000000,2011.755005,25.9373,60.3633,job.na.out
8,3,4,52,8,8,8,13,8,8,8,MACRO,OLD,12345,1320,3072,20447232,6797,19968.000000,2103.228027,28.3934,66.0793,6797,19968.000000,2034.484985,29.3528,68.312,job.na.out
7,3,4,56,8,8,8,14,8,8,8,MACRO,OLD,12345,1320,3072,22020096,5923,21504.000000,2155.507080,25.9995,60.5078,5923,21504.000000,2095.222900,26.7475,62.2488,job.na.out
8,3,4,56,8,8,8,14,8,8,8,MACRO,OLD,12345,1320,3072,22020096,6381,21504.000000,2089.748047,28.8913,67.2379,6381,21504.000000,2017.786987,29.9216,69.6358,job.na.out
7,3,4,60,8,8,8,15,8,8,8,MACRO,OLD,12345,1320,3072,23592960,5632,23040.000000,2168.992920,26.3233,61.2614,5632,23040.000000,2142.122070,26.6535,62.0299,job.na.out
8,3,4,60,8,8,8,15,8,8,8,MACRO,OLD,12345,1320,3072,23592960,6074,23040.000000,2099.783936,29.3248,68.2468,6074,23040.000000,2042.442993,30.1481,70.1629,job.na.out
7,3,4,64,8,8,8,16,8,8,8,MACRO,OLD,12345,1320,3072,25165824,5420,24576.000000,2192.048096,26.737,62.2243,5420,24576.000000,2135.239014,27.4484,63.8799,job.na.out
8,3,4,64,8,8,8,16,8,8,8,MACRO,OLD,12345,1320,3072,25165824,5511,24576.000000,2005.652954,29.7125,69.149,6234,24576.000000,2194.760986,30.7145,71.481,job.na.out
7,3,4,68,8,8,8,17,8,8,8,MACRO,OLD,12345,1320,3072,26738688,4852,26112.000000,2072.955078,26.892,62.5851,4852,26112.000000,2043.817993,27.2754,63.4773,job.na.out
8,3,4,68,8,8,8,17,8,8,8,MACRO,OLD,12345,1320,3072,26738688,5525,26112.000000,2111.416992,30.0643,69.9678,5525,26112.000000,2077.810059,30.5506,71.0995,job.na.out
7,3,4,72,8,8,8,18,8,8,8,MACRO,OLD,12345,1320,3072,28311552,4736,27648.000000,2111.064941,27.2914,63.5146,4736,27648.000000,2079.615967,27.7042,64.4751,job.na.out
8,3,4,72,8,8,8,18,8,8,8,MACRO,OLD,12345,1320,3072,28311552,5504,27648.000000,2198.343994,30.4578,70.8837,5504,27648.000000,2160.535889,30.9908,72.1241,job.na.out
7,3,4,76,8,8,8,19,8,8,8,MACRO,OLD,12345,1320,3072,29884416,4483,29184.000000,2093.157959,27.502,64.0046,4483,29184.000000,2046.656982,28.1269,65.4589,job.na.out
8,3,4,76,8,8,8,19,8,8,8,MACRO,OLD,12345,1320,3072,29884416,5026,29184.000000,2098.900879,30.7488,71.5608,5026,29184.000000,2044.322998,31.5697,73.4713,job.na.out
7,3,4,80,8,8,8,20,8,8,8,MACRO,OLD,12345,1320,3072,31457280,4435,30720.000000,2159.808105,27.7557,64.5951,4435,30720.000000,2116.367920,28.3254,65.921,job.na.out
8,3,4,80,8,8,8,20,8,8,8,MACRO,OLD,12345,1320,3072,31457280,4843,30720.000000,2110.627930,31.0153,72.1812,4843,30720.000000,2052.048096,31.9007,74.2417,job.na.out
7,3,4,84,8,8,8,21,8,8,8,MACRO,OLD,12345,1320,3072,33030144,4075,32256.000000,2067.873047,27.9684,65.09,4075,32256.000000,2020.329956,28.6265,66.6217,job.na.out
8,3,4,84,8,8,8,21,8,8,8,MACRO,OLD,12345,1320,3072,33030144,4421,32256.000000,2004.947021,31.2954,72.833,5002,32256.000000,2199.794922,32.2719,75.1055,job.na.out
7,3,4,88,8,8,8,22,8,8,8,MACRO,OLD,12345,1320,3072,34603008,4150,33792.000000,2199.613037,28.0523,65.2853,4150,33792.000000,2155.933105,28.6206,66.608,job.na.out
8,3,4,88,8,8,8,22,8,8,8,MACRO,OLD,12345,1320,3072,34603008,4644,33792.000000,2191.763916,31.504,73.3183,4644,33792.000000,2164.902100,31.8948,74.228,job.na.out
7,3,4,92,8,8,8,23,8,8,8,MACRO,OLD,12345,1320,3072,36175872,3956,35328.000000,2165.655029,28.3948,66.0824,3956,35328.000000,2121.300049,28.9885,67.4642,job.na.out
8,3,4,92,8,8,8,23,8,8,8,MACRO,OLD,12345,1320,3072,36175872,4083,35328.000000,2003.352051,31.6806,73.7295,4593,35328.000000,2190.930908,32.5866,75.838,job.na.out
7,3,4,96,8,8,8,24,8,8,8,MACRO,OLD,12345,1320,3072,37748736,3713,36864.000000,2118.257080,28.4316,66.1681,3713,36864.000000,2070.775879,29.0835,67.6853,job.na.out
8,3,4,96,8,8,8,24,8,8,8,MACRO,OLD,12345,1320,3072,37748736,4065,36864.000000,2069.415039,31.8616,74.1507,4065,36864.000000,2015.203979,32.7187,76.1454,job.na.out
7,3,4,100,8,8,8,25,8,8,8,MACRO,OLD,12345,1320,3072,39321600,3606,38400.000000,2126.947021,28.6453,66.6654,3606,38400.000000,2100.272949,29.0091,67.512,job.na.out
8,3,4,100,8,8,8,25,8,8,8,MACRO,OLD,12345,1320,3072,39321600,3974,38400.000000,2092.012939,32.0957,74.6955,3974,38400.000000,2051.080078,32.7363,76.1862,job.na.out
7,3,4,104,8,8,8,26,8,8,8,MACRO,OLD,12345,1320,3072,40894464,3510,39936.000000,2148.603027,28.7057,66.806,3510,39936.000000,2105.260010,29.2967,68.1814,job.na.out
8,3,4,104,8,8,8,26,8,8,8,MACRO,OLD,12345,1320,3072,40894464,3809,39936.000000,2073.229980,32.2835,75.1325,3809,39936.000000,2027.416016,33.013,76.8303,job.na.out
7,3,4,108,8,8,8,27,8,8,8,MACRO,OLD,12345,1320,3072,42467328,3378,41472.000000,2129.819092,28.9417,67.3553,3378,41472.000000,2097.341064,29.3899,68.3983,job.na.out
8,3,4,108,8,8,8,27,8,8,8,MACRO,OLD,12345,1320,3072,42467328,3722,41472.000000,2095.743896,32.4075,75.4211,3722,41472.000000,2046.972046,33.1797,77.2182,job.na.out
7,3,4,112,8,8,8,28,8,8,8,MACRO,OLD,12345,1320,3072,44040192,3276,43008.000000,2145.042969,28.9008,67.26,3276,43008.000000,2128.738037,29.1222,67.7752,job.na.out
8,3,4,112,8,8,8,28,8,8,8,MACRO,OLD,12345,1320,3072,44040192,3618,43008.000000,2102.153076,32.5691,75.7972,3618,43008.000000,2065.808105,33.1421,77.1308,job.na.out
7,3,4,116,8,8,8,29,8,8,8,MACRO,OLD,12345,1320,3072,45613056,3160,44544.000000,2127.611084,29.1096,67.7461,3160,44544.000000,2087.260010,29.6724,69.0557,job.na.out
8,3,4,116,8,8,8,29,8,8,8,MACRO,OLD,12345,1320,3072,45613056,3665,44544.000000,2199.729980,32.6548,75.9965,3665,44544.000000,2173.423096,33.05,76.9164,job.na.out
7,3,4,120,8,8,8,30,8,8,8,MACRO,OLD,12345,1320,3072,47185920,3162,46080.000000,2198.998047,29.1543,67.8499,3162,46080.000000,2168.810059,29.5601,68.7944,job.na.out
8,3,4,120,8,8,8,30,8,8,8,MACRO,OLD,12345,1320,3072,47185920,3361,46080.000000,2084.157959,32.6966,76.094,3361,46080.000000,2049.783936,33.2449,77.37,job.na.out
7,3,4,124,8,8,8,31,8,8,8,MACRO,OLD,12345,1320,3072,48758784,2928,47616.000000,2109.826904,29.0757,67.667,2928,47616.000000,2085.327881,29.4173,68.462,job.na.out
8,3,4,124,8,8,8,31,8,8,8,MACRO,OLD,12345,1320,3072,48758784,3284,47616.000000,2119.617920,32.4602,75.5437,3284,47616.000000,2101.393066,32.7417,76.1989,job.na.out
7,3,4,128,8,8,8,32,8,8,8,MACRO,OLD,12345,1320,3072,50331648,2828,49152.000000,2089.732910,29.2673,68.113,2828,49152.000000,2063.052979,29.6458,68.9938,job.na.out
8,3,4,128,8,8,8,32,8,8,8,MACRO,OLD,12345,1320,3072,50331648,3123,49152.000000,2089.000000,32.3316,75.2445,3123,49152.000000,2046.444946,33.0039,76.8092,job.na.out
5,3,6,24,8,8,8,4,8,8,8,MACRO,OLD,12345,1320,3072,6291456,10557,6144.000000,2198.070068,12.9838,30.2169,10557,6144.000000,2091.879883,13.6429,31.7508,job.na.out
5,3,6,30,8,8,8,5,8,8,8,MACRO,OLD,12345,1320,3072,7864320,9305,7680.000000,2184.160889,14.3961,33.5037,9305,7680.000000,2116.019043,14.8597,34.5826,job.na.out
5,3,6,36,8,8,8,6,8,8,8,MACRO,OLD,12345,1320,3072,9437184,8009,9216.000000,2122.774902,15.2992,35.6055,8009,9216.000000,2052.366943,15.8241,36.8269,job.na.out
5,3,6,42,8,8,8,7,8,8,8,MACRO,OLD,12345,1320,3072,11010048,7513,10752.000000,2199.278076,16.1613,37.6117,7513,10752.000000,2141.428955,16.5978,38.6277,job.na.out
5,3,6,48,8,8,8,8,8,8,8,MACRO,OLD,12345,1320,3072,12582912,6680,12288.000000,2153.083008,16.7745,39.0388,6680,12288.000000,2095.695068,17.2338,40.1079,job.na.out
5,3,6,54,8,8,8,9,8,8,8,MACRO,OLD,12345,1320,3072,14155776,6268,13824.000000,2198.881104,17.3386,40.3516,6268,13824.000000,2153.522949,17.7038,41.2015,job.na.out
5,3,6,60,8,8,8,10,8,8,8,MACRO,OLD,12345,1320,3072,15728640,5606,15360.000000,2137.812988,17.7226,41.2453,5606,15360.000000,2100.185059,18.0401,41.9843,job.na.out
5,3,6,66,8,8,8,11,8,8,8,MACRO,OLD,12345,1320,3072,17301504,5395,16896.000000,2202.229004,18.2123,42.3851,5395,16896.000000,2166.011963,18.5169,43.0938,job.na.out
5,3,6,72,8,8,8,12,8,8,8,MACRO,OLD,12345,1320,3072,18874368,5035,18432.000000,2198.778076,18.5713,43.2206,5035,18432.000000,2177.124023,18.7561,43.6504,job.na.out
5,3,6,78,8,8,8,13,8,8,8,MACRO,OLD,12345,1320,3072,20447232,4744,19968.000000,2202.583008,18.9234,44.04,4744,19968.000000,2200.885010,18.938,44.0739,job.na.out
5,3,6,84,8,8,8,14,8,8,8,MACRO,OLD,12345,1320,3072,22020096,4288,21504.000000,2139.717041,18.9614,44.1283,4288,21504.000000,2111.322998,19.2164,44.7218,job.na.out
5,3,6,90,8,8,8,15,8,8,8,MACRO,OLD,12345,1320,3072,23592960,4216,23040.000000,2203.922119,19.3928,45.1322,4216,23040.000000,2202.826904,19.4024,45.1547,job.na.out
5,3,6,96,8,8,8,16,8,8,8,MACRO,OLD,12345,1320,3072,25165824,3938,24576.000000,2196.398926,19.3878,45.1207,3938,24576.000000,2255.333984,18.8812,43.9416,job.na.out
5,3,6,102,8,8,8,17,8,8,8,MACRO,OLD,12345,1320,3072,26738688,3762,26112.000000,2203.232910,19.6178,45.6561,3762,26112.000000,2174.035889,19.8813,46.2692,job.na.out
5,3,6,108,8,8,8,18,8,8,8,MACRO,OLD,12345,1320,3072,28311552,3418,27648.000000,2153.957031,19.3042,44.9261,3418,27648.000000,2149.416016,19.345,45.021,job.na.out
5,3,6,114,8,8,8,19,8,8,8,MACRO,OLD,12345,1320,3072,29884416,3367,29184.000000,2195.760986,19.6904,45.825,3367,29184.000000,2208.114014,19.5803,45.5687,job.na.out
5,3,6,120,8,8,8,20,8,8,8,MACRO,OLD,12345,1320,3072,31457280,3198,30720.000000,2201.631104,19.634,45.6936,3198,30720.000000,2222.375977,19.4507,45.267,job.na.out
5,3,6,126,8,8,8,21,8,8,8,MACRO,OLD,12345,1320,3072,33030144,3006,32256.000000,2203.206055,19.3641,45.0655,3006,32256.000000,2232.810059,19.1073,44.468,job.na.out
4,3,8,32,8,8,8,4,8,8,8,MACRO,OLD,12345,1320,3072,6291456,9718,6144.000000,2098.985107,12.5162,29.1285,9718,6144.000000,2037.172974,12.8959,30.0124,job.na.out
4,3,8,40,8,8,8,5,8,8,8,MACRO,OLD,12345,1320,3072,7864320,8330,7680.000000,2104.843018,13.3733,31.1234,8330,7680.000000,2037.883057,13.8127,32.146,job.na.out
4,3,8,48,8,8,8,6,8,8,8,MACRO,OLD,12345,1320,3072,9437184,7301,9216.000000,2101.760010,14.0862,32.7825,7301,9216.000000,2060.672119,14.3671,33.4361,job.na.out
4,3,8,56,8,8,8,7,8,8,8,MACRO,OLD,12345,1320,3072,11010048,6401,10752.000000,2089.916016,14.4898,33.7216,6401,10752.000000,2030.102051,14.9167,34.7152,job.na.out
4,3,8,64,8,8,8,8,8,8,8,MACRO,OLD,12345,1320,3072,12582912,5967,12288.000000,2142.770996,15.0562,35.0398,5967,12288.000000,2109.044922,15.2969,35.6001,job.na.out
4,3,8,72,8,8,8,9,8,8,8,MACRO,OLD,12345,1320,3072,14155776,5443,13824.000000,2147.320068,15.418,35.8819,5443,13824.000000,2115.465088,15.6502,36.4222,job.na.out
4,3,8,80,8,8,8,10,8,8,8,MACRO,OLD,12345,1320,3072,15728640,4809,15360.000000,2066.851074,15.725,36.5963,4809,15360.000000,2069.032959,15.7084,36.5577,job.na.out
4,3,8,88,8,8,8,11,8,8,8,MACRO,OLD,12345,1320,3072,17301504,4529,16896.000000,2106.491943,15.9838,37.1986,4529,16896.000000,2115.972900,15.9121,37.0319,job.na.out
4,3,8,96,8,8,8,12,8,8,8,MACRO,OLD,12345,1320,3072,18874368,4238,18432.000000,2135.162109,16.0974,37.463,4238,18432.000000,2124.903076,16.1751,37.6439,job.na.out
4,3,8,104,8,8,8,13,8,8,8,MACRO,OLD,12345,1320,3072,20447232,3830,19968.000000,2069.269043,16.2618,37.8457,3830,19968.000000,2062.958984,16.3116,37.9614,job.na.out
4,3,8,112,8,8,8,14,8,8,8,MACRO,OLD,12345,1320,3072,22020096,3499,21504.000000,2029.871948,16.3097,37.9572,3499,21504.000000,2018.619019,16.4007,38.1688,job.na.out
4,3,8,120,8,8,8,15,8,8,8,MACRO,OLD,12345,1320,3072,23592960,3313,23040.000000,2063.260986,16.2781,37.8835,3313,23040.000000,2049.733887,16.3855,38.1335,job.na.out
4,3,8,128,8,8,8,16,8,8,8,MACRO,OLD,12345,1320,3072,25165824,3206,24576.000000,2123.218018,16.328,37.9997,3206,24576.000000,2102.279053,16.4906,38.3782,job.na.out
3,3,10,40,8,8,8,4,8,8,8,MACRO,OLD,12345,1320,3072,6291456,7953,6144.000000,2204.319092,9.7535,22.6991,7953,6144.000000,2196.137939,9.78983,22.7836,job.na.out
3,3,10,50,8,8,8,5,8,8,8,MACRO,OLD,12345,1320,3072,7864320,6799,7680.000000,2197.759033,10.4539,24.3291,6799,7680.000000,2195.581055,10.4643,24.3532,job.na.out
3,3,10,60,8,8,8,6,8,8,8,MACRO,OLD,12345,1320,3072,9437184,5898,9216.000000,2208.934082,10.8272,25.1979,5898,9216.000000,2206.124023,10.841,25.23,job.na.out
3,3,10,70,8,8,8,7,8,8,8,MACRO,OLD,12345,1320,3072,11010048,5232,10752.000000,2195.256104,11.2752,26.2405,5232,10752.000000,2202.023926,11.2406,26.1598,job.na.out
3,3,10,80,8,8,8,8,8,8,8,MACRO,OLD,12345,1320,3072,12582912,4677,12288.000000,2191.393066,11.5393,26.8552,4677,12288.000000,2195.706055,11.5167,26.8024,job.na.out
3,3,10,90,8,8,8,9,8,8,8,MACRO,OLD,12345,1320,3072,14155776,4259,13824.000000,2203.867920,11.7546,27.3562,4259,13824.000000,2230.299072,11.6153,27.032,job.na.out
3,3,10,100,8,8,8,10,8,8,8,MACRO,OLD,12345,1320,3072,15728640,3810,15360.000000,2201.649902,11.6955,27.2187,3810,15360.000000,2236.826904,11.5116,26.7907,job.na.out
3,3,10,110,8,8,8,11,8,8,8,MACRO,OLD,12345,1320,3072,17301504,3500,16896.000000,2194.124023,11.8589,27.5988,3500,16896.000000,2226.605957,11.6859,27.1962,job.na.out
3,3,10,120,8,8,8,12,8,8,8,MACRO,OLD,12345,1320,3072,18874368,3100,18432.000000,2213.342041,11.359,26.4354,3100,18432.000000,2339.129883,10.7481,25.0138,job.na.out
2,3,14,56,8,8,8,4,8,8,8,MACRO,OLD,12345,1320,3072,6291456,5979,6144.000000,2180.956055,7.41115,17.2478,5979,6144.000000,2208.095947,7.32006,17.0358,job.na.out
2,3,14,70,8,8,8,5,8,8,8,MACRO,OLD,12345,1320,3072,7864320,4967,7680.000000,2143.281982,7.83121,18.2254,4967,7680.000000,2139.429932,7.84531,18.2582,job.na.out
2,3,14,84,8,8,8,6,8,8,8,MACRO,OLD,12345,1320,3072,9437184,4208,9216.000000,2156.429932,7.9129,18.4155,4208,9216.000000,2145.572021,7.95294,18.5087,job.na.out
2,3,14,98,8,8,8,7,8,8,8,MACRO,OLD,12345,1320,3072,11010048,3705,10752.000000,2144.331055,8.17407,19.0233,3705,10752.000000,2184.270996,8.0246,18.6754,job.na.out
2,3,14,112,8,8,8,8,8,8,8,MACRO,OLD,12345,1320,3072,12582912,3137,12288.000000,2135.540039,7.9422,18.4837,3137,12288.000000,2168.491943,7.82151,18.2028,job.na.out
2,3,14,126,8,8,8,9,8,8,8,MACRO,OLD,12345,1320,3072,14155776,2811,13824.000000,2209.295898,7.73915,18.0111,2811,13824.000000,2257.285889,7.57462,17.6282,job.na.out
2,3,16,64,8,8,8,4,8,8,8,MACRO,OLD,12345,1320,3072,6291456,5760,6144.000000,2086.826904,7.46174,17.3655,5760,6144.000000,2057.893066,7.56665,17.6097,job.na.out
2,3,16,80,8,8,8,5,8,8,8,MACRO,OLD,12345,1320,3072,7864320,4893,7680.000000,2124.947021,7.7811,18.1087,4893,7680.000000,2109.406006,7.83843,18.2422,job.na.out
2,3,16,96,8,8,8,6,8,8,8,MACRO,OLD,12345,1320,3072,9437184,4232,9216.000000,2151.976074,7.9745,18.5588,4232,9216.000000,2174.283936,7.89268,18.3684,job.na.out
2,3,16,112,8,8,8,7,8,8,8,MACRO,OLD,12345,1320,3072,11010048,3657,10752.000000,2142.605957,8.07467,18.792,3657,10752.000000,2163.028076,7.99843,18.6145,job.na.out
2,3,16,128,8,8,8,8,8,8,8,MACRO,OLD,12345,1320,3072,12582912,3209,12288.000000,2218.918945,7.8192,18.1974,3209,12288.000000,2268.905029,7.64693,17.7965,job.na.out
1,3,26,104,8,8,8,4,8,8,8,MACRO,OLD,12345,1320,3072,6291456,3179,6144.000000,2199.860107,3.9066,9.09173,3179,6144.000000,2286.659912,3.75831,8.74662,job.na.out
1,3,28,112,8,8,8,4,8,8,8,MACRO,OLD,12345,1320,3072,6291456,3071,6144.000000,2162.509033,3.83907,8.93456,3071,6144.000000,2255.561035,3.68069,8.56597,job.na.out
1,3,30,120,8,8,8,4,8,8,8,MACRO,OLD,12345,1320,3072,6291456,2966,6144.000000,2106.212891,3.80691,8.85972,2966,6144.000000,2161.742920,3.70912,8.63214,job.na.out
1,3,32,128,8,8,8,4,8,8,8,MACRO,OLD,12345,1320,3072,6291456,3031,6144.000000,2139.440918,3.82992,8.91326,3031,6144.000000,2244.993896,3.64985,8.49419,job.na.out
